FID,LAD23CD,LAD23NM,LAD23NMW,BNG_E,BNG_N,LONG,LAT,Shape__Area,Shape__Length,GlobalID
1,E06000001,Hartlepool, ,447160,531474,-1.27018,54.67614,93714635.3466949,70954.8401191431,ed77cf59-0f99-40ee-8ce0-3c495b0436dd
2,E06000002,Middlesbrough, ,451141,516887,-1.21099,54.54467,53881562.6282043,44481.4413849519,12aebc50-49df-4d0f-af2e-7b18e5928ad7
3,E06000003,Redcar and Cleveland, ,464361,519597,-1.00608,54.56752,245078276.000854,96686.05277657,b073197d-76d1-468b-a1ca-e71a9465fc1e
4,E06000004,Stockton-on-Tees, ,444940,518179,-1.30664,54.55687,204943227.458862,123599.429825111,a722dfde-1ff3-4a0c-90e7-4b7cc413ba49
5,E06000005,Darlington, ,428029,515648,-1.56835,54.53534,197489465.440353,107285.227955609,7341c0fb-23f7-4180-9f8f-f11c67107389
6,E06000006,Halton, ,354246,382146,-2.68853,53.33424,79081984.8919449,77871.7245508459,fbd4f0f4-0d8c-4f38-8abf-6804e84c4ace
7,E06000007,Warrington, ,362744,388457,-2.56167,53.39164,180628503.34494,114759.196472411,bb0be773-54c4-4af5-9446-b9378094e644
8,E06000008,Blackburn with Darwen, ,369489,422806,-2.46361,53.7008,137017280.809143,65628.0173778879,6bd5145d-d596-4f62-b43e-8b526829bd61
9,E06000009,Blackpool, ,332819,436635,-3.02199,53.82164,34870885.8066254,34483.4810544427,04541f38-9b18-4360-8ec1-c01f8eeb39ec
10,E06000010,"Kingston upon Hull, City of", ,511892,431651,-0.30385,53.76921,71578851.6687012,64694.7965445977,0481e503-ab1f-422b-a61a-5f8294b5742b
11,E06000011,East Riding of Yorkshire, ,488056,443597,-0.66195,53.88112,2404739660.93741,504187.755278564,f284025d-9172-4f55-9a5a-74b9b7d9afe1
12,E06000012,North East Lincolnshire, ,523465,404564,-0.13911,53.52327,192623178.283005,93249.2875169496,52232b22-0def-4bee-a404-efae85bb7a82
13,E06000013,North Lincolnshire, ,497800,410993,-0.52407,53.58643,846540130.354584,244547.837491271,d78c5031-6734-405c-9122-56d0bb43a824
14,E06000014,York, ,460863,452590,-1.07376,53.96583,271940652.448517,102226.900092694,4ee27764-1d8b-48b5-a62c-92b159fff580
15,E06000015,Derby, ,435611,335375,-1.47186,52.91464,78020257.9822845,50149.3964213447,1546bc4e-5aa7-4076-8d0c-b5c7da8e3f99
16,E06000016,Leicester, ,458946,304594,-1.1304,52.63592,73339904.8504257,51936.671537127,876dfd63-afb9-44b3-be63-c3bb0ad1f2b9
17,E06000017,Rutland, ,492992,308655,-0.6263,52.66765,393734891.871735,126105.259043852,e02226fd-b35a-4cd5-a3f1-50d229b8d974
18,E06000018,Nottingham, ,456082,339970,-1.16667,52.9542,74625474.1646423,58771.8564595355,dcaae249-8b93-4ddf-88bf-b00be9e22eff
19,E06000019,"Herefordshire, County of", ,349434,242842,-2.73931,52.08162,2179688714.52522,351270.757428316,c8de5b55-8026-432e-8844-48469d2a255b
20,E06000020,Telford and Wrekin, ,367035,313057,-2.48941,52.71417,290273094.804131,120041.983010793,8b11bb7c-ca63-4e6e-843e-f16b6665371e
21,E06000021,Stoke-on-Trent, ,389438,346650,-2.15888,53.01706,93435922.4271393,64515.8973182482,6798b913-48a6-45dd-97b9-6886b8b72a4b
22,E06000022,Bath and North East Somerset, ,366215,161999,-2.48657,51.35604,351154813.564968,142063.547436183,f549f7de-1b76-4c85-bce9-de9a12d6d070
23,E06000023,"Bristol, City of", ,359990,174844,-2.57742,51.47113,109661715.200535,109079.628669503,794aa6e7-ee8e-4538-8c05-045697ff0bea
24,E06000024,North Somerset, ,347614,166718,-2.75438,51.39706,374675174.133053,154915.455786999,5fbbbf1a-bb0d-464a-b2ce-c088e5f2bf50
25,E06000025,South Gloucestershire, ,367556,183197,-2.46926,51.54672,497017379.455093,142837.350317066,9052153c-b9b9-48b6-a59c-c9d2af6d736f
26,E06000026,Plymouth, ,249945,58255,-4.11297,50.40494,79845439.783906,92664.7726229392,3e809b68-04a6-419e-a8c0-4d86006a96d4
27,E06000027,Torbay, ,289730,64613,-3.55523,50.47092,62885032.7912893,77967.0402129629,54b57c12-1816-4d64-b42b-672c9cd38347
28,E06000030,Swindon, ,418550,186565,-1.73369,51.57764,230063195.680702,103990.948481415,a6b5cef6-37ce-4ae0-887b-633e2c3134ed
29,E06000031,Peterborough, ,517372,300777,-0.26874,52.59214,343401676.469284,112773.048805159,c646e9d8-9266-49af-934c-3075e1d81443
30,E06000032,Luton, ,508606,222559,-0.42319,51.89102,43352576.5242844,34576.1973863718,95dcbe8d-f5c0-43bb-808e-f00dd20a8721
31,E06000033,Southend-on-Sea, ,587777,186837,0.706923,51.54917,41673747.0330658,57774.8510910711,a5bb06c1-95c3-408a-884a-7ded2703531b
32,E06000034,Thurrock, ,562124,181588,0.334874,51.50996,163835668.659653,116698.965519032,30e5e94a-0c6d-4586-b85f-df73b25971d9
33,E06000035,Medway, ,578207,175198,0.563174,51.44772,193721029.220222,249569.937451398,5c2e0d77-c7dd-4e74-8469-864e7e91c841
34,E06000036,Bracknell Forest, ,488168,168791,-0.73364,51.41129,109374581.668365,62535.2828349215,bd845d90-175b-435f-9849-a7b0473b629b
35,E06000037,West Berkshire, ,450574,172095,-1.27365,51.44559,704177179.81675,167258.751903119,cb33a3d6-1a15-4810-bc01-f3fb59c0de67
36,E06000038,Reading, ,470223,173153,-0.99075,51.45301,40393631.91436,39358.7351640276,4a8ce974-a512-4285-b87d-265e992b3ba7
37,E06000039,Slough, ,498920,179246,-0.57617,51.5035,32542195.8417435,44186.0956285286,fbb8d983-d7cf-4207-96e8-d1a6258e0c39
38,E06000040,Windsor and Maidenhead, ,492079,176541,-0.67541,51.48034,198413002.251259,114848.202348943,c04ab8b5-f622-451e-a472-f314ece0442e
39,E06000041,Wokingham, ,476624,169903,-0.89935,51.42296,178973880.564522,86977.2574030704,656822a4-2ce0-43f0-9170-64dea713e3fd
40,E06000042,Milton Keynes, ,486408,242308,-0.7407,52.07241,308645141.932625,103029.626038448,d0760ce7-385c-4e61-b3da-24a1fbcb5cc7
41,E06000043,Brighton and Hove, ,530278,106850,-0.15081,50.8465,82821704.6404648,59541.4064918379,a35b9941-f0b7-423b-8026-a4b3c780194e
42,E06000044,Portsmouth, ,465619,101352,-1.07006,50.808,40386658.8310432,69718.2078833027,d1b3a96e-aa06-4a18-b6a3-aa879bff327d
43,E06000045,Southampton, ,442303,113700,-1.39952,50.9212,49880646.8871346,61543.9973263334,f10b0303-88be-40c8-ba9b-b607d4f06326
44,E06000046,Isle of Wight, ,447183,85949,-1.33366,50.67129,379619766.183388,210141.203015484,64475299-d287-4b3a-8502-3cc307a8f826
45,E06000047,County Durham, ,410383,532242,-1.84047,54.68513,2231426917.77357,315536.454103136,6856033b-d87e-4c28-b1ec-a1d4b53c6a60
46,E06000049,Cheshire East, ,380510,363462,-2.29299,53.16793,1166309969.15326,302567.848092852,41162d9a-faa4-406d-81d6-397ca7bdf961
47,E06000050,Cheshire West and Chester, ,353097,363145,-2.70298,53.16336,920013949.900978,335687.620220878,2dd7b631-cd8f-4f23-a28a-4c5e906f7f14
48,E06000051,Shropshire, ,350227,302957,-2.73667,52.62209,3197343357.68153,582469.547071064,ed12f881-1011-4923-90b6-90e7241fc8a3
49,E06000052,Cornwall, ,212497,64493,-4.64254,50.45022,3548950271.03613,1242358.61509303,2512e51f-60f2-4905-b986-d7cabc9b1e16
50,E06000053,Isles of Scilly, ,91327,11447,-6.30217,49.92332,16317753.9529238,117979.339046542,f1d0ab22-8c27-4351-baaa-1f7a9a19303c
51,E06000054,Wiltshire, ,405213,158862,-1.92655,51.32882,3255390452.52178,405358.023664948,8e00c165-b8f2-4e7a-b4c2-c2ee88d33b09
52,E06000055,Bedford, ,505721,256463,-0.45463,52.19628,476416760.163452,131752.93598412,7d1849bc-3278-4836-a3b2-370b7957047c
53,E06000056,Central Bedfordshire, ,504615,234492,-0.47754,51.99903,715666154.513153,233156.470805771,5dded00a-18b7-49f9-b7eb-4840fe21b5fa
54,E06000057,Northumberland, ,395322,600700,-2.07523,55.30038,5032312648.92302,606294.853825046,c2b08deb-93b6-4c25-9cf2-1078dd92531f
55,E06000058,"Bournemouth, Christchurch and Poole", ,410815,94067,-1.84807,50.74609,162081236.861668,169219.755490846,d1d256c5-bdbf-44da-8540-b24a159edadd
56,E06000059,Dorset, ,370877,99796,-2.41459,50.79698,2490923174.35815,594587.947807011,fd3bdc05-c670-40fc-993e-6822b1f290eb
57,E06000060,Buckinghamshire, ,482503,208562,-0.80573,51.76967,1564941226.36472,362237.027128096,30a7a71a-c850-4ee1-a4cf-445c7def39c8
58,E06000061,North Northamptonshire, ,493590,281719,-0.62504,52.42547,986607189.567337,210766.797080434,4b4a86fa-f8ab-4c1c-8473-135059e11c5c
59,E06000062,West Northamptonshire, ,467187,263879,-1.01682,52.26898,1380365825.12384,264711.035659155,f95a6fd9-e659-4bd7-abcf-aa2525cd8767
60,E06000063,Cumberland, ,315777,533120,-3.30797,54.68606,3034249594.2466,697289.689162633,f71817f9-af31-48d3-8c7f-437666980195
61,E06000064,Westmorland and Furness, ,353889,510941,-2.71336,54.4917,3789277397.15771,613725.048047127,3e1c6f1d-3e44-4cc0-9360-67bd97d4d48c
62,E06000065,North Yorkshire, ,429508,466514,-1.55033,54.0937,8040053293.58994,873321.002939574,12097e42-d342-4f3c-9f2b-e4b9b725b24a
63,E06000066,Somerset, ,309294,131078,-3.29604,51.07183,3451695060.79812,544520.675450932,6bf6e6c8-e0f2-468f-99dd-13491b4de0ca
64,E07000008,Cambridge, ,545420,257901,0.126436,52.20017,40695126.4536133,37178.0144307937,2a1f48a1-b67c-495e-8354-3c441b41f008
65,E07000009,East Cambridgeshire, ,555576,275765,0.283149,52.35788,651225320.564377,234581.793898656,5bdddcc3-3361-4c8b-b0f3-43a35fb1c720
66,E07000010,Fenland, ,536355,294959,0.008927,52.53545,546446174.272491,187532.783393795,539625c4-fd0b-4fbf-9501-9045ff6ed5f0
67,E07000011,Huntingdonshire, ,521008,274268,-0.2247,52.35314,912459949.329659,223414.982475476,71dc0f32-9592-402e-890c-62bd25067f23
68,E07000012,South Cambridgeshire, ,543295,247586,0.091017,52.10805,901643897.411591,257526.181268694,0b25ca87-28ad-40e9-b4ee-cb9363b93776
69,E07000032,Amber Valley, ,436166,348084,-1.46219,53.02884,265441008.128876,109360.787059692,0f7df8de-a64d-4bb1-b7af-b1a22edf1e75
70,E07000033,Bolsover, ,448666,371547,-1.27228,53.23874,160331907.83902,96584.2084256371,83d801cc-378d-4be6-9d5e-022af0647ad9
71,E07000034,Chesterfield, ,440049,373358,-1.40115,53.25574,66041206.2705231,52781.2346842812,087f5999-8669-46b8-86d2-cc2a033c3998
72,E07000035,Derbyshire Dales, ,419699,358494,-1.70708,53.12327,795348254.615051,245577.663456944,e13e4c3b-6b63-4753-9488-fbb0344669cb
73,E07000036,Erewash, ,443722,338061,-1.35089,52.93819,109640083.335617,73956.5055720833,36fe59f4-eb19-4437-948b-49b7e8705635
74,E07000037,High Peak, ,410473,387653,-1.844,53.38563,540250052.912735,159568.982586966,1feb748a-c76a-4283-97f8-67c7fb920f48
75,E07000038,North East Derbyshire, ,437369,362955,-1.44253,53.16243,275612149.162262,161768.895136078,8c234677-ff5c-4861-8dce-d9a37fb98d59
76,E07000039,South Derbyshire, ,431443,325363,-1.5348,52.8249,338124838.212379,167951.619691141,80427dc7-bcfa-410d-a63e-9f6b320052ae
77,E07000040,East Devon, ,313787,96051,-3.22364,50.75761,814238349.087555,219959.581041226,525f37ad-fa89-4a77-9126-94b9616f4913
78,E07000041,Exeter, ,293239,92005,-3.51368,50.71782,47035619.5024967,50215.1954381234,eea646d2-19b6-4e86-b07f-cd392e50ea2d
79,E07000042,Mid Devon, ,288065,108913,-3.5921,50.86884,912920091.195591,247023.792459854,64fa532a-98bb-4076-a8f2-20f4a474743b
80,E07000043,North Devon, ,265112,132533,-3.92688,51.07621,1085899908.73182,321808.397890349,815f0811-8ae9-4865-b299-85c669634db7
81,E07000044,South Hams, ,270676,54037,-3.81996,50.37196,886571830.91361,479103.967956615,df0df58a-5248-439e-9209-32a06c571d60
82,E07000045,Teignbridge, ,283144,80205,-3.65289,50.60981,673728837.331993,191913.201022936,2802ee5d-f38a-4934-86f9-9151d7585f6b
83,E07000046,Torridge, ,244206,114334,-4.21728,50.90739,985229802.175991,317782.548343556,b7e1551d-1a33-48c5-841d-75349d6624eb
84,E07000047,West Devon, ,256378,86992,-4.03358,50.66482,1161128873.1305,255117.500614555,17ad335f-4b9f-49f6-9bc0-01b08042419e
85,E07000061,Eastbourne, ,559339,99575,0.258516,50.77387,44161432.4155426,38032.2757999863,59a56254-d3f1-4d8e-bac7-3a3be98618b8
86,E07000062,Hastings, ,581528,110694,0.578395,50.86724,29803221.3535881,34246.0422804782,bf9b1206-fb29-42d5-8e68-f76b0182341d
87,E07000063,Lewes, ,541473,105687,0.007658,50.83342,292113745.183403,168719.343955948,654b1ee2-c5f5-4eae-ad18-5275ce60b1ff
88,E07000064,Rother, ,578721,119666,0.542937,50.94871,511742896.735081,180881.309142763,c8911cdc-61c6-41e4-be8c-3dbbeaa5d149
89,E07000065,Wealden, ,555048,117181,0.205156,50.93323,834983730.663757,227466.676150927,4982e437-bc6e-4acc-a3c3-2b64d732d5f2
90,E07000066,Basildon, ,571548,190849,0.475056,51.59037,110016743.806953,85763.0475001289,9be24f9f-7fa0-4b8f-a01c-86780dbeb7f5
91,E07000067,Braintree, ,577253,227337,0.575912,51.91635,611709237.534203,169285.674382176,3c11082c-aaa5-45f5-8f51-79c2d9ed8710
92,E07000068,Brentwood, ,558560,196070,0.290091,51.64108,153117698.94754,72558.0509260329,b5628159-5b5e-4491-bf74-4cd3211e9e8d
93,E07000069,Castle Point, ,579493,187920,0.588127,51.56159,44667375.0313339,163377.398332779,ecd83ada-f53d-4a2b-a3ec-575696972f6a
94,E07000070,Chelmsford, ,572116,206972,0.491177,51.73503,342237162.73082,126550.934567949,c8bdd17c-3094-43bb-ab63-b3386e03a141
95,E07000071,Colchester, ,596947,223692,0.85982,51.87701,332325101.609337,318422.658690288,2742ebbe-866c-4b61-bad9-9e07bc5008b4
96,E07000072,Epping Forest, ,548919,203757,0.154146,51.71278,338978237.626938,123341.288433369,3f59ae29-ea5d-4ad7-b1a5-748d4cd17334
97,E07000073,Harlow, ,545276,209589,0.103888,51.76614,30543702.1950531,28511.3606128228,45dd2dc7-ec3c-4551-bf1f-9a3598a83f1b
98,E07000074,Maldon, ,591413,212072,0.773106,51.77458,357815632.000626,469754.776615532,715b199f-edcb-42b8-8158-693e9e8cf389
99,E07000075,Rochford, ,585979,191417,0.683442,51.5909,167092338.615845,234447.340332914,db433c4c-1a46-423a-a099-b8ffd42b50dc
100,E07000076,Tendring, ,614190,222141,1.108981,51.85674,336324404.040909,442519.532391141,c346fcad-62f9-4e0d-9b02-13e8c38d90d7
101,E07000077,Uttlesford, ,557833,228863,0.294499,51.9359,641152728.051346,166618.859215706,d34d0092-ed36-4c52-b830-beb7ff7692a4
102,E07000078,Cheltenham, ,394925,222232,-2.07515,51.89861,46595493.7121277,38178.2326918155,1366f14c-bc69-46b0-b87b-f92be1cfd75d
103,E07000079,Cotswold, ,402126,208209,-1.97058,51.77255,1164487068.84233,335539.326348124,d8df80da-b99d-46f1-b168-d6e26471d0e3
104,E07000080,Forest of Dean, ,367175,212759,-2.47755,51.81249,525885240.891239,190506.439738861,6a9ad3d3-53b0-4853-b72d-34e547d535a5
105,E07000081,Gloucester, ,384071,216449,-2.23263,51.84641,40553089.0722733,33539.6389322308,18849c08-42dc-40b0-9f57-b2da0c4f9c19
106,E07000082,Stroud, ,378807,202410,-2.30818,51.72001,460562030.004021,173150.377489153,10c0dc49-9803-4f46-97e3-6ec3cc74c324
107,E07000083,Tewkesbury, ,386348,226281,-2.19997,51.93487,414385301.336006,204961.289277362,f54c6827-1d29-4e8d-ad0b-5b1d971bc89f
108,E07000084,Basingstoke and Deane, ,454507,151423,-1.22023,51.25937,633810907.215912,143620.444279339,dfccd101-ec14-49f0-b872-967f4e794dbb
109,E07000085,East Hampshire, ,474408,129247,-0.93965,51.05774,514412341.26437,144849.809479681,d4186e26-7d88-4b33-b1a0-3f0bb61525a0
110,E07000086,Eastleigh, ,447199,116807,-1.32947,50.94876,79691536.8262901,75975.504249282,1648b380-43d8-4abd-85e7-1a1707f49fc9
111,E07000087,Fareham, ,453774,106319,-1.23742,50.85388,74219757.9307785,66918.8680679195,d22983af-e72b-4a44-baf4-5aaca5215bbf
112,E07000088,Gosport, ,458769,101088,-1.16731,50.80636,25373848.4945755,40164.3549425319,68db0b74-fc44-46f0-9615-ed69cf7ef68f
113,E07000089,Hart, ,477985,154241,-0.88321,51.28198,215253775.457466,78042.6995671943,4c218287-744c-4edb-adfe-b65107221b87
114,E07000090,Havant, ,470178,108564,-1.00398,50.87231,55751350.2440414,116754.977010935,fd8e0fb2-02b7-43f1-9671-60a42c2c3651
115,E07000091,New Forest, ,428748,106524,-1.59293,50.85751,752180401.241867,332070.543225693,1fd67cc2-aa92-4560-b51e-969dbb7d74cc
116,E07000092,Rushmoor, ,486022,153944,-0.76807,51.27815,39049590.479538,32056.2341518055,164d0f20-1523-4062-bc73-670141094471
117,E07000093,Test Valley, ,434930,137329,-1.50214,51.13417,627653923.338425,191094.176457096,8183521a-d085-43eb-b80f-c234b4664352
118,E07000094,Winchester, ,453115,125901,-1.24393,51.03002,660970589.847084,172323.350948422,525fc077-5267-47b9-a976-3996c1e9f7fb
119,E07000095,Broxbourne, ,534742,204251,-0.05073,51.7208,51456852.3626556,39087.0293898393,68cd9dc4-74d2-4b5d-93cc-a4bb40017a04
120,E07000096,Dacorum, ,500084,208745,-0.55098,51.76845,212479765.160553,110204.635494882,6c77379f-da40-40e4-ad17-0225b0618973
121,E07000098,Hertsmere, ,519774,199352,-0.26899,51.68017,101127415.442558,61230.0105955864,23a63a63-f244-4f77-a974-1e50c73add7d
122,E07000099,North Hertfordshire, ,522191,230250,-0.22316,51.95732,375384604.961388,168555.896039624,d557b809-0de5-410a-ad51-a4966d5edd2d
123,E07000102,Three Rivers, ,507313,196418,-0.45005,51.65632,88823383.3051071,74106.7197555282,fddc5ae6-567e-4845-a09e-3460fa49868b
124,E07000103,Watford, ,510441,198197,-0.40429,51.6717,21430351.4039917,26392.3637917563,cbda0913-ac14-4fb2-abe0-cf7aeaacf86e
125,E07000105,Ashford, ,597640,140644,0.823374,51.13096,580641712.864891,149683.93898238,3f902090-5b4b-4351-81a9-cf1596a04e6c
126,E07000106,Canterbury, ,616031,158096,1.096328,51.28102,308737215.453217,134557.514202559,4d3b63a5-b846-4708-bb72-e6370f690500
127,E07000107,Dartford, ,556167,172917,0.245276,51.43373,72732638.807106,57310.6206006742,72fa274b-56ca-440d-b82e-30efc84f5bb0
128,E07000108,Dover, ,628964,150942,1.276887,51.21176,315349622.006058,148179.150126335,821d7036-4b38-453a-905f-d567038a4e69
129,E07000109,Gravesham, ,566969,169114,0.398744,51.39649,98988297.4416885,60525.9803411105,f7bc793a-65ec-4cb3-9f9f-aef0c203e2b2
130,E07000110,Maidstone, ,580489,151670,0.584061,51.23566,393344138.83593,123201.928877804,92f292ae-e18d-4438-b8c3-426a74f45683
131,E07000111,Sevenoaks, ,552776,155218,0.188936,51.27563,370339571.961739,134511.165754603,ec997477-8d00-4679-9371-d54e3fdb54fe
132,E07000112,Folkestone and Hythe, ,610318,134597,1.000796,51.07215,356912280.776924,149143.775912619,e8dbf0e1-ffff-4d58-a57d-f1fca4e7bd7b
133,E07000113,Swale, ,593583,161818,0.776893,51.32251,373441944.637772,347864.996698402,0e309f06-21b1-4228-b624-1e98273f59e5
134,E07000114,Thanet, ,631839,166752,1.328226,51.35252,103609163.62294,65351.0442243901,bee2d664-561f-4d10-a564-eb29e62feb45
135,E07000115,Tonbridge and Malling, ,564014,153896,0.349305,51.26063,240119612.281349,133455.416254302,17d5789a-21a8-4d88-ab1e-4b06cc15f9dd
136,E07000116,Tunbridge Wells, ,573139,136598,0.471631,51.10253,331285438.542786,152255.275381501,bb96e715-afcf-4d37-9e73-40ac72c5c88b
137,E07000117,Burnley, ,384886,430880,-2.2308,53.77404,110681553.25296,58021.204509472,d9cce8d0-8aa3-4ded-856a-b08eafe22ed2
138,E07000118,Chorley, ,359188,419722,-2.61923,53.67238,202756375.630249,115216.299819178,6f968cd9-63a5-434b-b1ed-7db453a7a5ad
139,E07000119,Fylde, ,339554,433811,-2.91914,53.79709,165692011.070435,138383.125718956,2c48a9af-7eeb-4a91-8715-c3fb3c01fc07
140,E07000120,Hyndburn, ,374407,428967,-2.38964,53.75644,72977158.4906006,42819.7713074994,037786d2-4547-431b-aca1-9c5589cab843
141,E07000121,Lancaster, ,356896,464988,-2.6603,54.07901,566935032.771973,345306.43600785,3afcf21a-ae86-42be-9c58-5154d0fc7340
142,E07000122,Pendle, ,387638,443368,-2.18956,53.88636,169402555.740417,79346.1732579777,8f1321dd-91c6-444f-80db-237c5e6a0082
143,E07000123,Preston, ,352828,436431,-2.71804,53.82201,142288493.539368,83245.3292951345,d5962b18-f68e-415a-9cd8-d361d5a865dc
144,E07000124,Ribble Valley, ,372689,447677,-2.41737,53.92451,584466146.532623,151013.591914033,8be62fcf-367a-4c6b-a572-c9f8a64a6d52
145,E07000125,Rossendale, ,382827,420953,-2.26149,53.68476,138040939.508133,71574.5262323419,47a21591-2e15-477d-9e98-4a727f32892b
146,E07000126,South Ribble, ,352017,425841,-2.72871,53.72676,113185304.848816,105718.492613051,d65dd3e0-787e-4212-b7e8-66c830b36f3c
147,E07000127,West Lancashire, ,342606,413271,-2.869,53.61284,346632922.536598,227356.599194569,7ce69e6c-0a06-47cd-88a2-c7cc6887e49b
148,E07000128,Wyre, ,347294,445159,-2.8036,53.89991,282158220.643997,213269.139453588,84f59813-c5c1-4a00-9940-f286d9d4bc86
149,E07000129,Blaby, ,454385,297994,-1.19887,52.57706,130496665.217995,100944.368931505,47721c97-776e-4945-8a17-4a0f6eece0c5
150,E07000130,Charnwood, ,458365,316155,-1.13694,52.7399,279023975.189423,115426.649505368,acbc1bde-2398-46f0-b371-dc2141721af9
151,E07000131,Harborough, ,474550,293873,-0.90228,52.53764,592660458.310905,186878.410639023,1ad13e30-c4db-4861-b666-9a7aff11db68
152,E07000132,Hinckley and Bosworth, ,439538,301379,-1.41755,52.60877,297341397.945305,111651.142386059,980cb3e2-60b8-49ee-a24c-959aeb6e6e36
153,E07000133,Melton, ,477328,323469,-0.8544,52.80326,481387671.821945,141258.171335165,a3803881-dc51-4b3c-b1a3-9fd46d7c2927
154,E07000134,North West Leicestershire, ,439107,316253,-1.42215,52.74251,279338269.741356,117243.49378696,ff8fa3fb-75b9-40ab-89b8-f34d0b29424e
155,E07000135,Oadby and Wigston, ,461543,299379,-1.093,52.58875,23526096.5230408,31171.7326068494,e424807b-6b4a-4e5e-8638-3cc73549684d
156,E07000136,Boston, ,526851,343956,-0.11218,52.97797,363992639.038574,440740.319648626,c2447128-b992-4c30-aa65-1323d1edfd4b
157,E07000137,East Lindsey, ,534861,376064,0.020516,53.26446,1766764893.82397,373230.394037033,72105fd4-196d-4a05-a7a6-86e842e2aa40
158,E07000138,Lincoln, ,496347,370096,-0.55848,53.21921,35690274.4687347,32969.7629878016,6f6da3d4-935f-49ec-9730-e8b4a89a566e
159,E07000139,North Kesteven, ,502139,354789,-0.47664,53.08059,922473345.748016,181759.105813938,c3deae80-53ec-4ddd-89c7-e987b21d384b
160,E07000140,South Holland, ,532910,322929,-0.03057,52.78759,750071375.891571,438560.295968826,aa28c628-0d1e-4665-8ef0-76a127f70e59
161,E07000141,South Kesteven, ,501404,328986,-0.49568,52.84885,942575057.105316,209905.111154292,69d2f9be-a57e-48ba-a8ef-3776e2e71b49
162,E07000142,West Lindsey, ,499314,390326,-0.50774,53.40044,1155736461.41849,249612.875896773,7bd2c0b6-c38c-42be-9a79-96b17357b778
163,E07000143,Breckland, ,591015,303332,0.818717,52.59422,1305103059.65562,239747.390652225,dfc4f033-420e-451b-a254-cd14cf3030fc
164,E07000144,Broadland, ,619861,315909,1.252273,52.69622,552094736.95108,219270.240074028,43230eee-1c9f-4cfc-a999-8a92eb3ab412
165,E07000145,Great Yarmouth, ,646761,315881,1.64951,52.68439,174313327.963531,145965.855826957,e8d1bed2-4833-430d-a6d9-c6b7d93c6a0a
166,E07000146,King's Lynn and West Norfolk, ,571219,315807,0.533245,52.71285,1439509940.60135,696034.591363015,3068cfc1-6f91-4b4d-b0ff-5c20550b5162
167,E07000147,North Norfolk, ,611076,330857,1.132099,52.83389,967540990.993362,600200.054360904,5d445cfa-1500-4a2c-8989-395dffc4e811
168,E07000148,Norwich, ,622355,309773,1.284979,52.64013,38997724.0762634,52437.033014175,15dc5824-faa9-4faa-8fb2-39136ae59586
169,E07000149,South Norfolk, ,628991,295822,1.373247,52.51217,907645557.174728,267591.666181279,c2c3aa28-0cb5-4da7-a793-a7b397862eba
170,E07000170,Ashfield, ,450035,355843,-1.25422,53.09747,109545916.814545,69376.4848446496,c5a2e086-be4c-4838-b5ef-b7cde0574cd0
171,E07000171,Bassetlaw, ,468073,384835,-0.9787,53.35604,637795054.838974,159773.333349475,a0cd6dfa-af54-46c7-b46d-1788b4da912a
172,E07000172,Broxtowe, ,449829,341891,-1.25944,52.97208,80101784.1322937,66131.4865810871,b39ee6af-c4e0-4b56-b6bf-af3a497dd472
173,E07000173,Gedling, ,459184,347811,-1.11907,53.02434,119984652.898849,69769.9335676591,e6a99979-34c5-4da1-a7d8-e5e0fb90e2d8
174,E07000174,Mansfield, ,455047,363637,-1.17804,53.16703,76705395.3785706,51139.2641952883,e218de47-751b-4db4-9da6-aeb43b6cc369
175,E07000175,Newark and Sherwood, ,470624,357451,-0.94643,53.1096,651340472.185226,187422.294092548,218625e6-5707-4dcb-9e27-fc0a8dd5abaa
176,E07000176,Rushcliffe, ,466606,335453,-1.01097,52.9124,409235407.304291,123452.523436435,e334b843-c8b9-4916-910a-ce63825fdba1
177,E07000177,Cherwell, ,449301,221199,-1.28506,51.88718,588732059.795631,226165.16267401,f3a7d928-9fb6-4180-9f04-097b36dc5c20
178,E07000178,Oxford, ,452277,206368,-1.24405,51.75357,45602916.3576279,34999.5348550061,18e8f079-f122-496e-a5ab-ead55dd82a45
179,E07000179,South Oxfordshire, ,463890,191964,-1.07847,51.62288,678502434.25042,205573.480092838,e95eb109-2b0f-4d89-80f5-b03d8fbaf41d
180,E07000180,Vale of White Horse, ,435697,195198,-1.48537,51.65444,578677900.371025,176652.809326252,126df23f-2fac-4cb4-aaaa-c6d11becf5b3
181,E07000181,West Oxfordshire, ,434343,215817,-1.50292,51.83991,714428143.73143,160453.865743626,e5916a38-ce6e-4adf-a35d-d5653a641878
182,E07000192,Cannock Chase, ,401261,311553,-1.98277,52.70166,78877759.6617584,50270.7819154231,eaf3707e-7248-47f4-9fae-9a014ed4b7f6
183,E07000193,East Staffordshire, ,412599,326571,-1.81441,52.83652,389939570.56974,184513.197763654,e4db139f-e2b4-4fd8-b3fe-3aeafa190324
184,E07000194,Lichfield, ,416276,310967,-1.76059,52.69615,331269342.71949,127607.580134346,71bc639e-021f-41aa-8c71-3c9c79720000
185,E07000195,Newcastle-under-Lyme, ,378201,345177,-2.32628,53.00347,210953054.60228,109457.167900841,1be8d4f9-aee9-430b-bc38-8a085e325308
186,E07000196,South Staffordshire, ,389624,311036,-2.15496,52.69691,407283249.1026,185193.006819936,a9363847-a7a2-40b6-94b3-6536ce8ad8ed
187,E07000197,Stafford, ,389000,327835,-2.16477,52.84791,598183290.270943,160970.713901444,1ef1f0cc-ce1c-4ca2-b0cf-040cf7f80eef
188,E07000198,Staffordshire Moorlands, ,400543,352448,-1.99334,53.06928,575894391.497108,153191.997742399,2d38c4e7-1647-4bc1-8ab8-3a7805a58184
189,E07000199,Tamworth, ,421452,302547,-1.68455,52.62028,30841239.586113,30734.6200652686,cd9b19c8-8d56-48c9-8702-e1f0379e4b64
190,E07000200,Babergh, ,599987,244692,0.916149,52.0645,595116849.300247,210649.709137972,0d24e1ac-6251-4c76-92c0-27d11e379275
191,E07000202,Ipswich, ,617163,244456,1.166175,52.05592,39502353.9384766,45375.9428304216,90323095-7aec-4ecf-8120-e11d2bec89f8
192,E07000203,Mid Suffolk, ,611646,262335,1.096951,52.21856,871063623.354004,191444.708510627,cb3c3022-31e7-427b-b494-0faf25be41df
193,E07000207,Elmbridge, ,511883,163655,-0.3944,51.36095,96342756.7219849,52368.5304014221,5a01daa3-43e8-46dc-865c-54c95e7e7347
194,E07000208,Epsom and Ewell, ,521176,161476,-0.26172,51.33946,34087812.7469711,28676.2804027429,8287fb04-f3ab-4333-87b5-a07944070014
195,E07000209,Guildford, ,500408,151481,-0.56257,51.25366,270944767.843536,129029.495364157,08e4881a-9483-4810-9cb9-e44188848679
196,E07000210,Mole Valley, ,518377,148953,-0.30603,51.22749,258311861.369026,105886.897431254,ab7b0d51-3577-4697-a5cd-6ef8883d580c
197,E07000211,Reigate and Banstead, ,525786,152574,-0.19871,51.25846,129161835.194839,80207.2740568992,89f46e5c-ec1b-4f1e-9f17-f4ce5f94c568
198,E07000212,Runnymede, ,501777,166980,-0.53855,51.39274,78025273.9388504,45724.2760264479,27362411-0705-4a12-9ae1-b258bfc4250b
199,E07000213,Spelthorne, ,507012,169622,-0.46254,51.41552,51171307.0408325,44178.7863749384,5a7e60b2-3628-49c6-8426-44df61581c2e
200,E07000214,Surrey Heath, ,491364,160485,-0.68983,51.33612,95092706.6125107,53639.3500502776,45871553-6adf-4c42-8b18-0e018e0d3cea
201,E07000215,Tandridge, ,536362,150328,-0.04809,51.23584,248227478.045578,83233.4211568906,6ce02fef-4d48-4751-9ab4-1e8b7d7487c3
202,E07000216,Waverley, ,496363,140635,-0.62343,51.15686,345197071.464508,126098.623948907,ea94bb37-874a-473d-b289-f6eaa18c0939
203,E07000217,Woking, ,499088,157544,-0.57981,51.30839,63609573.8390656,55046.6887797958,ba43bef1-e2da-4630-a00f-06b07af3cd70
204,E07000218,North Warwickshire, ,425570,296402,-1.6242,52.56486,284306773.100441,113432.317378542,11336584-e00c-4473-891d-3f322044140a
205,E07000219,Nuneaton and Bedworth, ,435420,289352,-1.47964,52.50094,78906960.8843765,48388.7740430477,5a40ca38-cfdd-416b-841a-93bafba67f9d
206,E07000220,Rugby, ,446498,276244,-1.31828,52.38228,353584321.177002,115336.728944267,98d38725-dc59-417c-a38e-f3acd4f7323a
207,E07000221,Stratford-on-Avon, ,425019,251537,-1.63565,52.16155,977892039.071571,262188.028808643,39c1bad8-f8a1-4a37-af7e-7328082c3562
208,E07000222,Warwick, ,428484,267113,-1.58369,52.30142,282868598.98439,116849.205542465,830f3a11-09c3-42d7-affe-687a38a2e6cb
209,E07000223,Adur, ,518076,106472,-0.32417,50.84572,42068813.1788864,60501.0407623103,e1888db1-1c4b-49a4-a372-d1bf865c19b4
210,E07000224,Arun, ,495144,105723,-0.64999,50.84321,220995178.907085,156506.494886894,e2e33fe1-3fe7-407b-abaf-7d5246170559
211,E07000225,Chichester, ,490285,116600,-0.7163,50.94177,786190131.649796,297499.36114662,fe9787c1-1492-48fd-9b99-139f589e2d3a
212,E07000226,Crawley, ,526390,137581,-0.19533,51.12357,44945277.2295227,38945.4346631739,a81e43f9-2dad-4db8-8642-a12f4d2af99f
213,E07000227,Horsham, ,513674,123840,-0.38126,51.00272,530243455.673553,216052.087268052,b6111cea-ae64-4882-a159-3c5f873424d6
214,E07000228,Mid Sussex, ,533052,130624,-0.10275,51.05954,334023650.323727,133480.322473118,e36c392c-8073-4730-aeaa-fd42dd959c1c
215,E07000229,Worthing, ,512679,104948,-0.40127,50.8331,32520154.882122,29448.8397732759,b5769837-9f65-4714-8eba-fafc50c88f8a
216,E07000234,Bromsgrove, ,399840,273736,-2.00376,52.36169,216969378.584991,113215.421691077,1c743023-4aa7-471e-82ef-d80230dd1d32
217,E07000235,Malvern Hills, ,377463,252198,-2.33092,52.16759,577084249.561302,231531.179789176,8e968378-2776-4414-bfc1-98079a8ca55f
218,E07000236,Redditch, ,403705,265253,-1.9471,52.28541,54256306.1397476,41251.6002473071,25a9bc5a-c35b-4861-8b6d-7ded92019c2c
219,E07000237,Worcester, ,385744,255190,-2.20997,52.19477,33350209.3256454,31363.8912502372,e6f4ee2c-a484-4811-8729-ea6eef6c84a9
220,E07000238,Wychavon, ,398991,247839,-2.01614,52.12886,663492511.956055,219666.589492899,4c5d3894-d454-4fa5-a974-205e1550f53c
221,E07000239,Wyre Forest, ,384106,276388,-2.23494,52.3853,195434360.016701,101049.694107757,279d018c-e030-4555-a050-0bece37fdf53
222,E07000240,St Albans, ,514580,209623,-0.3407,51.77356,161206621.221893,72948.1937447323,d0a5a4d9-9581-4f59-8359-498f5acc2c67
223,E07000241,Welwyn Hatfield, ,525345,208467,-0.18518,51.76087,129542934.741295,82367.0015278097,7c3b6f21-86e7-4ef0-b5af-71cea504a3da
224,E07000242,East Hertfordshire, ,537995,220370,0.002739,51.86485,475667265.748413,135238.613682716,5fb25bdc-674a-4ade-81a2-656bcd9b90ea
225,E07000243,Stevenage, ,524622,224531,-0.18987,51.90539,25969241.2793503,28588.26135758,1d1e2477-e55b-47be-a105-f386f3882d00
226,E07000244,East Suffolk, ,636043,266273,1.456187,52.244,1260992445.15697,584970.175541922,fe3ca7dc-caf8-4933-a898-2217b6bd7f50
227,E07000245,West Suffolk, ,580941,271121,0.652723,52.3084,1034734448.08893,275080.24869151,063954d3-637f-4546-ac74-265ec9e0fcf9
228,E08000001,Bolton, ,368352,409874,-2.47952,53.5845,139783107.745895,82693.2540278713,c69e7283-ca5d-43d5-8415-095691de41f6
229,E08000002,Bury, ,379658,410767,-2.3088,53.59309,99458512.7531586,68688.4825312214,eebaa4fa-dc7a-4ec4-b7b8-a0c8e145ef97
230,E08000003,Manchester, ,384591,397063,-2.23359,53.47009,115653401.541382,86892.433397996,8b5dfea3-b625-43a1-b8cd-ee2074f181c4
231,E08000004,Oldham, ,396603,406784,-2.05274,53.55768,142344981.878815,71147.5842205103,71075e4b-3c1f-4b1c-9f2a-323281f91367
232,E08000005,Rochdale, ,390315,412326,-2.14784,53.60741,158123788.737289,82892.7440865496,bc719c53-02d9-4a0e-9fc3-d27fb7ecd4a3
233,E08000006,Salford, ,374556,398128,-2.38485,53.47927,97197278.5168304,63268.7415907747,54a8df84-8e15-4275-bdae-336c4c670c31
234,E08000007,Stockport, ,391807,388258,-2.12465,53.39111,126052590.801254,74145.4134170106,45ad9db2-9e5d-4a2c-a652-e2edb75bbfdb
235,E08000008,Tameside, ,394987,397995,-2.077,53.47867,103152118.846832,55937.4873369956,fbaf1c6c-ec2a-4b60-8288-e130ef8d66e8
236,E08000009,Trafford, ,375790,391163,-2.36572,53.41672,106042088.302048,60950.1421169088,4bbaf63d-94f4-45b8-a221-9cc2e9483614
237,E08000010,Wigan, ,362139,402126,-2.57242,53.51445,188158510.539108,89157.7364655868,eacd44cb-13bb-4bdf-be4e-53cc74e8aa15
238,E08000011,Knowsley, ,344762,393778,-2.83297,53.43788,86500061.2084579,68167.4015523109,31fb5691-5652-40f2-bd08-13f50945789a
239,E08000012,Liverpool, ,339359,390556,-2.91368,53.40833,111841855.295563,62719.3408293205,55a1b8d7-6503-4bce-af78-fe7069c1b748
240,E08000013,St. Helens, ,353413,395992,-2.70309,53.45862,136356994.150475,76635.3654104006,9e66cb4f-e7c0-4507-85b1-68c7ef8f5261
241,E08000014,Sefton, ,334282,398835,-2.99177,53.48212,156591233.075874,130249.571468515,e824e5c1-0110-456e-8791-e8b327bea60b
242,E08000015,Wirral, ,329109,386965,-3.06703,53.37478,160923505.747223,133923.026775241,741f56c0-48f3-4b69-92af-25befe92f381
243,E08000016,Barnsley, ,429979,403327,-1.54925,53.52577,329089689.594894,126424.154278174,4b6616e4-6ac8-4056-8350-d81b0c48ae58
244,E08000017,Doncaster, ,459167,403733,-1.10894,53.52695,567993369.50708,171230.009971663,f1790a01-c831-47ae-b6d2-412165c17e6c
245,E08000018,Rotherham, ,447542,388980,-1.28651,53.39553,286534366.919708,106151.903803257,4d2da784-b6c5-4fdf-89fa-d61f0ff9a21a
246,E08000019,Sheffield, ,430511,389736,-1.54254,53.40358,367918909.431366,132842.901701501,5e64e5c7-6608-4a55-b5e8-c39b422121e6
247,E08000021,Newcastle upon Tyne, ,422287,569661,-1.65297,55.021,113450638.766205,65219.1827228212,2245da5f-6988-4334-8931-fe9cef2b4177
248,E08000022,North Tyneside, ,431471,570602,-1.50923,55.02896,82301764.5271454,65612.6125404295,86a2155a-3118-47c9-aec4-6425a1e299dc
249,E08000023,South Tyneside, ,435514,564057,-1.44679,54.96988,64420348.6116943,51335.2670770276,ca0a958d-e707-4fcf-a139-cb7b8a660087
250,E08000024,Sunderland, ,436470,551524,-1.43344,54.85719,137424328.903488,99802.8078013659,32ba0549-f5af-4bf5-9b55-45cac1675451
251,E08000025,Birmingham, ,408150,287352,-1.88141,52.48404,267778221.223488,106273.524658747,f6614091-0f3b-4c05-9944-531e313ea6be
252,E08000026,Coventry, ,432809,279689,-1.51905,52.41423,98647890.6341782,54171.8010779828,2faebed3-6a72-4a3c-84e4-a9472ffbdad9
253,E08000027,Dudley, ,393191,288584,-2.10171,52.49513,97973020.5345917,75351.6914390148,ae7a28bc-ccff-4a31-b2cf-124a4b0999f9
254,E08000028,Sandwell, ,399573,290764,-2.00771,52.51477,85567385.523819,59232.5102813195,c80a3bfd-a301-4e84-ab9b-87185ef3aeb5
255,E08000029,Solihull, ,419434,281483,-1.71558,52.431,178295044.7108,101078.675734325,6bbe181a-2dcc-4c5f-b28a-71263e46a6b1
256,E08000030,Walsall, ,402099,300807,-1.97043,52.60505,103998021.303558,59510.3014860452,a41cce6f-2ce0-4ee5-ad26-b6bb792ff760
257,E08000031,Wolverhampton, ,391463,300016,-2.12746,52.59788,69439516.469429,56200.1854972749,d18f95a3-e806-430e-943f-aacf93986890
258,E08000032,Bradford, ,408395,438626,-1.87389,53.84382,366387610.03804,136041.841492011,d8303666-5ba6-4bae-a652-11258b6b2028
259,E08000033,Calderdale, ,402618,424895,-1.9618,53.72047,363961998.58934,107849.928625594,f4f3c6b7-53b2-4c04-a48e-4f7a0dd6c5ed
260,E08000034,Kirklees, ,414586,416223,-1.78085,53.64233,408551660.685822,125668.276601684,bd9f208f-8261-47b0-b902-a57186ac0131
261,E08000035,Leeds, ,432528,436384,-1.50736,53.82273,551697983.923721,161783.30025786,a82dba81-5d70-4026-b8a4-b4ff2ac5554c
262,E08000036,Wakefield, ,438367,418231,-1.42091,53.65918,338608696.132919,109463.135918008,c4624505-812a-4508-93d3-2cb316e101fe
263,E08000037,Gateshead, ,420158,559652,-1.68696,54.93115,142344543.555222,90343.0403610092,fdd3c4be-a9f0-4560-9dd2-6b8a5201c3ac
264,E09000001,City of London, ,532382,181358,-0.09351,51.51564,2889678.82085419,9404.60043276979,31345dc9-cea8-4e32-a5a3-c6228e0a8102
265,E09000002,Barking and Dagenham, ,547757,185111,0.129479,51.54555,36101367.2758026,40902.9664843982,5be2d9f7-4d7d-4b8c-80bb-fd4f7dc7781b
266,E09000003,Barnet, ,523473,191752,-0.21819,51.61107,86766703.2435532,50937.7781734552,64ec982d-8bbd-4118-9226-6703b055231d
267,E09000004,Bexley, ,549202,175434,0.146212,51.45822,60572214.7031021,47962.1730445536,e9392aca-b704-4077-86f4-3730c3413cde
268,E09000005,Brent, ,519615,186465,-0.27568,51.56438,43236364.5667191,38441.4621153574,de16d46b-789c-4386-b2e7-290a266263aa
269,E09000006,Bromley, ,542036,165707,0.039246,51.37266,150128747.074623,76220.0050550517,ce63bff0-bee5-4812-b28f-62a9845186e0
270,E09000007,Camden, ,527491,184283,-0.16291,51.54305,21778579.6566238,26245.7391815633,da9e4ed6-f2f4-4680-8f61-7729c9f0f1cd
271,E09000008,Croydon, ,533922,164745,-0.07761,51.36598,86466111.9243317,58749.7093286411,9adedc18-cd2b-45a8-b6a4-2dc8530e4834
272,E09000009,Ealing, ,517055,181959,-0.3141,51.52442,55542068.0516434,47461.4255075927,01a197ee-5197-481a-a001-8b20573fcd6d
273,E09000010,Enfield, ,532831,196198,-0.08144,51.64889,82169741.9935074,41084.7850246048,440d6bdc-1a7a-4a62-98e4-1fadbea2c4ca
274,E09000011,Greenwich, ,542507,175878,0.050093,51.46394,47311233.5022354,47635.2845118945,28bdbf3c-fbd1-451f-8abd-ef7af1d16d0e
275,E09000012,Hackney, ,534560,185787,-0.06045,51.55492,19043878.160408,25441.8544084358,d37598f2-8ea6-4425-a0f8-01409ca37be0
276,E09000013,Hammersmith and Fulham, ,523867,177993,-0.21735,51.48733,16401378.6167068,23971.6550954436,e5936f27-8a84-46b1-b9f9-e9930ca28364
277,E09000014,Haringey, ,531260,189349,-0.1067,51.58771,29606188.7651443,29085.5089591114,731dadab-9ed6-4b98-9094-c7f1ae0a8ad4
278,E09000015,Harrow, ,515359,189736,-0.33598,51.59467,50464270.2590408,33811.7299438577,7d2bdee5-f7fd-4d7d-9e4f-b4d184fa3cb0
279,E09000016,Havering, ,555032,187514,0.235368,51.56519,112335892.154579,63737.3425936003,04737981-91e7-419d-a79c-45a8cdfae5af
280,E09000017,Hillingdon, ,508168,183121,-0.44179,51.53664,115707412.045319,63971.6763368088,558acf2c-5ab1-4890-89cf-f8b459138f31
281,E09000018,Hounslow, ,512737,174959,-0.37855,51.46238,55962117.4077606,64519.2910896989,8848da5b-2283-41dd-aab5-3cf8c7d75077
282,E09000019,Islington, ,531160,184645,-0.10989,51.54546,14858041.7284775,20747.7400710421,eca02a8b-5688-4e81-ad3e-58f419d256cf
283,E09000020,Kensington and Chelsea, ,525756,179054,-0.18978,51.49645,12125681.9575882,21026.5003528169,7e9027e2-6412-4e75-953c-31bdea15ee46
284,E09000021,Kingston upon Thames, ,519508,167389,-0.28367,51.39296,37255555.1014099,37617.9489921466,844ed874-32c6-4411-b56b-7b7d79eb6fdb
285,E09000022,Lambeth, ,531118,175629,-0.11385,51.46445,26807014.7120895,34048.7119477621,20e77d77-93d8-483f-8cd5-a1db8ac11268
286,E09000023,Lewisham, ,537888,173343,-0.01734,51.4423,35146120.5542984,41214.8847805116,aa18d364-ce2b-4c04-bd19-c17fb655fd6a
287,E09000024,Merton, ,526068,169508,-0.18868,51.41058,37624038.3920364,32439.5697603335,c27ce7e2-7149-4a70-b96a-96de044cae5c
288,E09000025,Newham, ,540713,183346,0.027261,51.53149,36195900.5954361,35876.1023917193,56ba96e6-5ed1-45de-8628-7b4b5cbd3e2a
289,E09000026,Redbridge, ,543512,189477,0.070085,51.58588,56394135.3935471,50569.275793576,474c0563-bb6a-4020-9c69-0c867c19d431
290,E09000027,Richmond upon Thames, ,519005,172650,-0.28914,51.44035,57387419.0954742,68918.9549695919,d2f8d327-8d74-4677-a0c1-5603722e0d69
291,E09000028,Southwark, ,533945,175869,-0.07308,51.46594,28877696.8645172,34596.3324614039,af6931b4-98ab-4ae9-a20b-e672133345dd
292,E09000029,Sutton, ,527357,163639,-0.17226,51.35755,43846618.3466339,39932.1497965699,3f0cf426-7df2-4265-b4de-d648d49aa6ec
293,E09000030,Tower Hamlets, ,536340,181452,-0.03647,51.51554,19770868.2105408,28755.0070385496,95a99662-8178-403c-b08c-0766f7e368e3
294,E09000031,Waltham Forest, ,537328,190278,-0.0188,51.59461,38810231.0083008,33346.57524884,a4df1535-e97c-4505-ab09-21e111ad660f
295,E09000032,Wandsworth, ,525152,174138,-0.20021,51.4524,34261867.356163,38839.8585916478,7d044e44-93e7-4680-88f9-ddc127338852
296,E09000033,Westminster, ,528268,180871,-0.15295,51.51221,21482611.1975479,27534.1316680158,09370b37-6504-4d5b-a38a-76b37afa6ac2
297,N09000001,Antrim and Newtownabbey, ,130813,541285,-6.1776,54.69386,728186534.01133,165066.961090158,aeca6681-2bb9-4499-97db-a0ee2ec2208e
298,N09000002,"Armagh City, Banbridge and Craigavon", ,112110,508158,-6.43455,54.3867,1437068573.07787,242954.335395177,813ea939-5b36-4428-8e4c-3f56a164f0f3
299,N09000003,Belfast, ,146465,529747,-5.92535,54.59853,137716652.025108,65866.7852260913,5925f8f7-180e-4ae3-94c3-3bb8bec91927
300,N09000004,Causeway Coast and Glens, ,106168,581420,-6.5996,55.03962,1985534670.71793,381026.18387915,37ce80f1-a2fb-4f81-b77d-fa76d69c5728
301,N09000005,Derry City and Strabane, ,51779,559566,-7.42064,54.80904,1251241583.00777,271396.680664788,60dab5b3-69b1-4ec6-a7c6-7ae557f5c0df
302,N09000006,Fermanagh and Omagh, ,41233,513013,-7.5271,54.38521,3012114892.36445,426437.771573504,1a8d5abd-0119-4c74-a4f1-4f31b3418334
303,N09000007,Lisburn and Castlereagh, ,138712,518920,-6.03545,54.49752,510438048.321678,167278.148593367,7ae6abec-72bf-4930-996d-91384abef064
304,N09000008,Mid and East Antrim, ,133943,560151,-6.14645,54.86462,1061355460.93539,234604.730290033,cb58ab3b-ebdd-4ff5-bfa3-3e3b32d73868
305,N09000009,Mid Ulster, ,83920,528564,-6.8889,54.55273,1957293776.36245,318306.174447411,d26e8a08-9afa-4212-86bc-97f2afba7340
306,N09000010,"Newry, Mourne and Down", ,133006,480432,-6.08891,54.14953,1682340596.71436,379481.085042417,94a65e76-7f1d-4849-87b4-36181335512c
307,N09000011,Ards and North Down, ,164321,524944,-5.64568,54.56409,566472991.397125,203348.873507994,ab9e0c2e-bc89-4090-a93b-d1184d26166c
308,S12000005,Clackmannanshire, ,291178,696402,-3.75316,56.14784,159184322.488327,96931.9911599766,9f2bcc5b-42e4-43c9-84ef-9f8e7ae074b5
309,S12000006,Dumfries and Galloway, ,270645,579856,-4.02863,55.09621,6436568572.29607,1207363.77785775,f9e045e8-6b38-455f-aca0-eff065db5997
310,S12000008,East Ayrshire, ,255398,624935,-4.29057,55.49674,1270345620.88245,341224.073767081,cb5b5340-55df-4420-9832-6acef3ff5d3c
311,S12000010,East Lothian, ,354854,672351,-2.72435,55.94207,679241516.016342,202129.674165205,4b62a3ab-24c2-40d9-8278-ff30797441c2
312,S12000011,East Renfrewshire, ,251930,653115,-4.36058,55.74868,174247286.12027,94003.048647422,f59599f9-b79a-4e76-bd1a-46b33d5163cc
313,S12000013,Na h-Eileanan Siar, ,126473,932862,-6.65722,58.19938,3096633008.33103,3871336.22003606,65644bdd-03f0-4bf1-a7a2-d06920596a74
314,S12000014,Falkirk, ,285585,680170,-3.83619,56.00077,297137055.790756,169091.122500577,a44f1da0-df63-44db-a1dc-8c9732a3109f
315,S12000017,Highland, ,241018,858292,-4.66103,57.58657,26158786458.7343,5229053.67799714,662ebaa3-a14a-4eed-8349-17d4229d22cf
316,S12000018,Inverclyde, ,227922,670894,-4.75387,55.9003,161945309.354797,79271.0756449876,30769b73-7ac1-4377-9cb5-0861efe8dd69
317,S12000019,Midlothian, ,330088,659217,-3.11738,55.82111,355272038.180252,126469.474609312,e5794895-75fe-4b91-a043-dfaad1180f41
318,S12000020,Moray, ,328015,843590,-3.20202,57.4768,2237558356.05231,463493.668579337,39f85c2c-dc90-490a-af00-f313dae6aeba
319,S12000021,North Ayrshire, ,228996,651640,-4.7246,55.72789,885290889.870293,350253.9358396,04ff6609-d610-4fe2-b92f-b82ad66cd046
320,S12000023,Orkney Islands, ,348293,1006584,-2.90025,58.94334,1015040230.97926,1203146.05457708,8ea7db5f-8c3c-4595-ba86-be3e1e6a8bf8
321,S12000026,Scottish Borders, ,345889,626137,-2.85869,55.52595,4739163990.88057,514452.299885091,d7314450-d2dd-432e-97dd-077b1f7a146f
322,S12000027,Shetland Islands, ,434516,1180307,-1.37344,60.50495,1468518260.51154,2322256.17991441,3e0ca1c9-95c5-4c81-8a26-d5226b6eeb48
323,S12000028,South Ayrshire, ,226545,596271,-4.72899,55.23008,1224366215.39653,334995.942076836,edf94252-fab9-4012-b3a6-6f6866e4cdd5
324,S12000029,South Lanarkshire, ,284634,636071,-3.83272,55.60453,1773890823.76454,284741.553518529,23873ab8-7728-4e31-aca3-378a35219097
325,S12000030,Stirling, ,255980,708769,-4.32595,56.24953,2252536848.68318,375011.085596392,5b33576a-d45b-4314-b4fa-0a89153f3508
326,S12000033,Aberdeen City, ,387763,808479,-2.20398,57.16697,185571326.215729,123490.870177059,87cb47d1-4f61-4655-b233-3f5cbe47e89e
327,S12000034,Aberdeenshire, ,352284,816277,-2.79208,57.23469,6318007414.0278,795134.880544091,4b694df3-5ef6-441e-a37f-f6efc2f2f785
328,S12000035,Argyll and Bute, ,200740,715443,-5.22114,56.28944,7005888033.46304,3796860.14408118,653149ae-980c-4487-8483-e33a34f3c13c
329,S12000036,City of Edinburgh, ,320193,669417,-3.27826,55.9112,263394271.677628,110580.244303955,3e33523b-bd73-4538-81a6-6dca657d8be9
330,S12000038,Renfrewshire, ,239305,664698,-4.56834,55.84862,261489124.347076,131829.040617059,5609775d-781e-4896-9c7c-a875adea0203
331,S12000039,West Dunbartonshire, ,242904,681586,-4.52074,56.0014,177311974.074051,103775.552702049,9338ae39-ea9f-4ea6-b04c-dfdfa2e3399c
332,S12000040,West Lothian, ,299483,668514,-3.60909,55.8992,428768187.933212,135251.69011552,bb738fcb-f764-4a9f-abab-09a42e0b3381
333,S12000041,Angus, ,345506,759636,-2.8921,56.72518,2184981647.04356,328953.592341762,e1d02a67-7b1a-4802-8c59-0ba6e98a2884
334,S12000042,Dundee City, ,340291,732145,-2.97095,56.4776,59800691.0859222,47831.2210168387,f2ea8c7c-8582-4af7-b1b4-cfad4394c41e
335,S12000045,East Dunbartonshire, ,261240,676154,-4.22417,55.95829,174489374.057953,99575.7929650631,a0d17d6c-6ccc-43ff-9fe9-41e39cb85d7e
336,S12000047,Fife, ,339187,704721,-2.98251,56.23112,1325189947.30185,358351.493108308,8760c7fd-839a-45d1-a0aa-387e71718e41
337,S12000048,Perth and Kinross, ,284302,744185,-3.88484,56.57528,5383771400.97906,633264.491082176,3b1f6562-0002-41cd-9341-8446e5dfc259
338,S12000049,Glasgow City, ,261534,667033,-4.21479,55.87649,174622926.291733,135600.470042626,97a87e6a-fd34-470c-a1b4-80ce5f6b5b87
339,S12000050,North Lanarkshire, ,277984,665608,-3.9514,55.86814,472299789.41214,164151.119941235,131bc69b-a8d7-4f89-b4a9-5bfed0ca8ebd
340,W06000001,Isle of Anglesey,Ynys Môn,245217,378331,-4.32298,53.27931,715237382.425003,379780.343582451,1c096d78-1fe7-4584-be5e-3f0a6db5ea22
341,W06000002,Gwynedd,Gwynedd,280555,334966,-3.77715,52.89883,2548292376.5819,643076.177146805,f19b82b2-d9f2-42a2-a3ea-a4b9bde04e68
342,W06000003,Conwy,Conwy,283293,362563,-3.74646,53.14739,1130179811.4836,283248.665398948,936c5d71-4d5a-4695-b243-c70ea8712574
343,W06000004,Denbighshire,Sir Ddinbych,309843,355416,-3.34761,53.08833,838714916.662834,228749.162384675,f783d153-2955-406f-bfb5-1317217efa51
344,W06000005,Flintshire,Sir y Fflint,321134,369280,-3.18248,53.21471,439830828.408722,239002.484104469,b1f72c4e-502b-4cac-98b8-06d7f6903fbd
345,W06000006,Wrexham,Wrecsam,333523,345387,-2.99203,53.00167,503772286.126152,190042.949257981,f340aa75-a1cb-4b65-a9ff-f96e73838c77
346,W06000008,Ceredigion,Ceredigion,267127,268437,-3.94993,52.29795,1788372469.94999,382356.850577295,dbe94016-cddc-4496-8b9e-5a4383e0a4a1
347,W06000009,Pembrokeshire,Sir Benfro,199821,221392,-4.90818,51.85513,1618343922.36566,743200.5953473,12c2968e-a602-4cc4-a755-694869f63376
348,W06000010,Carmarthenshire,Sir Gaerfyrddin,247955,224133,-4.21109,51.89495,2371120628.49787,592239.649042359,c6c947ad-b2b6-4a35-ba46-9cb7384352d4
349,W06000011,Swansea,Abertawe,264022,197308,-3.96723,51.65806,377612661.977032,270967.723217415,24a1be38-6f35-4f0d-8c33-4f10f1484e70
350,W06000012,Neath Port Talbot,Castell-nedd Port Talbot,279261,195412,-3.74638,51.6445,442274010.857067,182165.141642821,b784e816-babc-4fd8-ad3a-a93385b9e08c
351,W06000013,Bridgend,Pen-y-bont ar Ogwr,288231,185870,-3.61375,51.5606,250785304.637859,93192.1879407777,0ac07004-34bf-4956-ade6-c65afd62eb88
352,W06000014,Vale of Glamorgan,Bro Morgannwg,302947,173080,-3.39801,51.44836,331261394.377365,108403.082230967,d641b478-ffb5-4864-b848-862763bcc4b7
353,W06000015,Cardiff,Caerdydd,315272,178887,-3.22209,51.50254,142303983.232113,79590.0231604885,8493a146-4d0f-4048-9c96-4a15a3257573
354,W06000016,Rhondda Cynon Taf,Rhondda Cynon Taf,302237,192395,-3.41359,51.62185,424152347.687447,130212.628773313,3a7bed69-ae19-4dc1-aadd-7999439ceb71
355,W06000018,Caerphilly,Caerffili,317245,195259,-3.19753,51.65001,277387820.890209,116205.447868667,2a619c38-e366-42c3-953e-86fd047dbb6e
356,W06000019,Blaenau Gwent,Blaenau Gwent,318236,206771,-3.18592,51.75364,108728049.851177,65601.5261076358,1790c10d-a48b-4f41-99da-edb399ad829f
357,W06000020,Torfaen,Torfaen,327459,200480,-3.05101,51.69836,126240979.370983,82553.9455220074,05ef8b3d-0707-4b64-839a-756f2d1a7c38
358,W06000021,Monmouthshire,Sir Fynwy,337812,209231,-2.9028,51.77827,850312903.529568,224920.221769015,f5fb84c2-58a5-48f8-a95c-f99ff6f686b2
359,W06000022,Newport,Casnewydd,337897,187432,-2.89769,51.58231,190436482.032688,153217.602553676,f3bf10e2-5a9e-465d-a8a6-e1c3e1aa187d
360,W06000023,Powys,Powys,302329,273254,-3.43531,52.34863,5195310557.61611,610999.911217969,9da0c14d-8d93-4159-aa7b-d90eb47fb07b
361,W06000024,Merthyr Tydfil,Merthyr Tudful,305916,206404,-3.36425,51.7484,111956276.903275,66950.8795685746,50d5293f-038d-4dd2-a886-b06eff4ff3e4
